id,num,text_en,sound,text_time,text_total_en
tuto1_001,1,Ugh... guess I dozed off for a second.,1,0.1,3.10
tuto1_002,2,If you have time to loaf around use it to study the work manual.,3,0.07,3.57
tuto1_003,3,This facility is not a daycare.,3,0.07,1.82
tuto1_004,4,Nag nag...,1,0.09,0.81
tuto1_005,5,What was that?,4,0.05,0.60
tuto1_006,6,Nothing.,2,0.05,0.40
tuto1_007,7,Hmph... watch yourself.,3,0.08,1.68
tuto1_008,8,The work manual... it must be this tape recording.,1,0.08,3.36
tuto1_009,9,Insert the tape and pull the lever.,5,0.07,2.03
